{
    "metadata" : {
        "formatVersion" : 3
    },
    "materials" : [{"DbgColor": 15597568,
                "DbgIndex": 1,
                "DbgName": "land",
                "blending": "NormalBlending",
                "colorDiffuse": [1, 1, 1],
                "colorSpecular": [1, 1, 1],
                "depthTest": true,
                "depthWrite": true,
                "shading": "Phong",
                "specularCoef": 0.0,
                "transparency": 1.0,
                "transparent": false,
                "vertexColors": 2}],
    "vertices" : [ -5,5,-5,  -5,-5,-5,  5,-5,-5,  5,5,-5,  -5,5,5,  -5,-5,5,  5,-5,5,  5,5,5 ],
    "faces" : [ 131, 3,2,1,0, 0, 3,2,1,0,  131, 4,5,6,7, 0, 0,1,2,3,  131, 7,6,2,3, 0, 3,2,3,0,  
                131, 0,1,5,4, 0, 0,1,3,0,  131, 0,4,7,3, 0, 0,0,3,3,  131, 6,5,1,2, 0, 2,1,1,2 ],
    "colors": [ 0.949019607843137,0.949019607843137,0.949019607843137, 
                0.717647058823529,0.858823529411765,0, 
                0,0.650980392156863,0, 
                0.933333333333333,0.733333333333333,0.643137254901961 ],
    "normals": [],
    "uvs": []
}
